lastUpdated,title,url
" This page was last edited on 17 July 2022, at 10:41",Kevin Bacon,https://en.wikipedia.org/wiki/Kevin_Bacon
" This page was last edited on 8 July 2022, at 06:39",Blockbuster (entertainment),https://en.wikipedia.org/wiki/Blockbuster_(entertainment)
" This page was last edited on 19 August 2022, at 04:12",[<Selector xpath='//h1/i/text()' data='Digging to China'>],https://en.wikipedia.org/wiki/Digging_to_China
" This page was last edited on 28 July 2022, at 18:08", (film),https://en.wikipedia.org/wiki/Murder_in_the_First_(film)
" This page was last edited on 21 August 2022, at 04:02",David Koepp,https://en.wikipedia.org/wiki/David_Koepp
" This page was last edited on 16 August 2022, at 11:40",[<Selector xpath='//h1/i/text()' data='A Few Good Men'>],https://en.wikipedia.org/wiki/A_Few_Good_Men_(film)
" This page was last edited on 16 April 2022, at 05:52",Michael Greif,https://en.wikipedia.org/wiki/Michael_Greif
" This page was last edited on 12 August 2022, at 17:54", (1997 film),https://en.wikipedia.org/wiki/Picture_Perfect_(1997_film)
" This page was last edited on 3 August 2022, at 09:25",[<Selector xpath='//h1/i/text()' data='Telling Lies in America'>],https://en.wikipedia.org/wiki/Telling_Lies_in_America_(film)
" This page was last edited on 23 August 2022, at 03:55",[<Selector xpath='//h1/i/text()' data='Sleepers'>],https://en.wikipedia.org/wiki/Sleepers_(film)
" This page was last edited on 2 August 2022, at 09:43",[<Selector xpath='//h1/i/text()' data='Losing Chase'>],https://en.wikipedia.org/wiki/Losing_Chase
" This page was last edited on 21 August 2022, at 02:10",Payola,https://en.wikipedia.org/wiki/Payola
" This page was last edited on 13 July 2022, at 04:51", (film),"https://en.wikipedia.org/wiki/He_Said,_She_Said_(film)"
" This page was last edited on 14 August 2022, at 21:37",Meryl Streep,https://en.wikipedia.org/wiki/Meryl_Streep
" This page was last edited on 17 June 2022, at 15:25",Main Page,https://en.wikipedia.org/wiki/Main_Page
" This page was last edited on 27 June 2022, at 04:28",Trove,https://en.wikipedia.org/wiki/Trove_(identifier)
" This page was last edited on 25 June 2021, at 19:17",Système universitaire de documentation,https://en.wikipedia.org/wiki/SUDOC_(identifier)
" This page was last edited on 27 January 2022, at 02:50",Library Network of Western Switzerland,https://en.wikipedia.org/wiki/RERO_(identifier)
" This page was last edited on 22 August 2022, at 00:18",[<Selector xpath='//h1/i/text()' data='The New York Times'>],https://en.wikipedia.org/wiki/The_New_York_Times
" This page was last edited on 12 July 2022, at 03:26",Virtual International Authority File,https://en.wikipedia.org/wiki/VIAF_(identifier)
" This page was last edited on 4 August 2022, at 00:46",MusicBrainz,https://en.wikipedia.org/wiki/MBA_(identifier)
" This page was last edited on 5 August 2022, at 09:31",International Standard Name Identifier,https://en.wikipedia.org/wiki/ISNI_(identifier)
" This page was last edited on 15 August 2022, at 14:45",Sam Rockwell,https://en.wikipedia.org/wiki/Sam_Rockwell
" This page was last edited on 21 August 2022, at 21:41",Alexander Skarsgård,https://en.wikipedia.org/wiki/Alexander_Skarsg%C3%A5rd
" This page was last edited on 6 August 2022, at 17:53",Kevin Kline,https://en.wikipedia.org/wiki/Kevin_Kline
" This page was last edited on 21 August 2022, at 08:53",Oliver Stone,https://en.wikipedia.org/wiki/Oliver_Stone
" This page was last edited on 17 August 2022, at 15:34",William H. Macy,https://en.wikipedia.org/wiki/William_H._Macy
" This page was last edited on 22 August 2022, at 20:57",Sam Heughan,https://en.wikipedia.org/wiki/Sam_Heughan
" This page was last edited on 22 August 2022, at 21:06",Kyle MacLachlan,https://en.wikipedia.org/wiki/Kyle_MacLachlan
" This page was last edited on 9 August 2022, at 17:19",Jeremy Irons,https://en.wikipedia.org/wiki/Jeremy_Irons
" This page was last edited on 20 August 2022, at 19:30",Paul Newman,https://en.wikipedia.org/wiki/Paul_Newman
" This page was last edited on 15 August 2022, at 19:45",Ben Kingsley,https://en.wikipedia.org/wiki/Ben_Kingsley
" This page was last edited on 24 August 2022, at 12:12",Christopher Reeve,https://en.wikipedia.org/wiki/Christopher_Reeve
" This page was last edited on 21 August 2022, at 19:01",Patrick Stewart,https://en.wikipedia.org/wiki/Patrick_Stewart
" This page was last edited on 4 August 2022, at 14:56",OCLC,https://en.wikipedia.org/wiki/OCLC_(identifier)
" This page was last edited on 22 August 2022, at 14:04",Ecco Press,https://en.wikipedia.org/wiki/Ecco_Press
" This page was last edited on 27 May 2022, at 00:47", (TV series),https://en.wikipedia.org/wiki/Hack_(TV_series)
" This page was last edited on 19 August 2022, at 11:05",Harper (publisher),https://en.wikipedia.org/wiki/Harper_(publisher)
" This page was last edited on 18 August 2022, at 11:44",Untitled fifth ,https://en.wikipedia.org/wiki/Untitled_fifth_Indiana_Jones_film
" This page was last edited on 21 March 2022, at 20:52",Library of Congress Control Number,https://en.wikipedia.org/wiki/LCCN_(identifier)
" This page was last edited on 23 August 2022, at 12:34", (film),https://en.wikipedia.org/wiki/KIMI_(film)
" This page was last edited on 25 June 2021, at 19:17",Système universitaire de documentation,https://en.wikipedia.org/wiki/Syst%C3%A8me_universitaire_de_documentation
" This page was last edited on 27 January 2022, at 02:50",Library Network of Western Switzerland,https://en.wikipedia.org/wiki/Library_Network_of_Western_Switzerland
" This page was last edited on 29 July 2022, at 00:31",University of Neuchâtel,https://en.wikipedia.org/wiki/University_of_Neuch%C3%A2tel
" This page was last edited on 10 August 2022, at 12:07",Mike Judge,https://en.wikipedia.org/wiki/Mike_Judge
" This page was last edited on 20 June 2022, at 17:21",Jonathan Frakes,https://en.wikipedia.org/wiki/Jonathan_Frakes
" This page was last edited on 19 August 2022, at 10:28",Audible (service),https://en.wikipedia.org/wiki/Audible_(service)
" This page was last edited on 20 August 2022, at 22:01",Stirling Moss,https://en.wikipedia.org/wiki/Stirling_Moss
" This page was last edited on 2 August 2022, at 15:50",[<Selector xpath='//h1/i/text()' data='Huddersfield Daily Examiner'>],https://en.wikipedia.org/wiki/Huddersfield_Daily_Examiner
" This page was last edited on 1 April 2022, at 07:15",Motorsport UK,https://en.wikipedia.org/wiki/Motorsport_UK
" This page was last edited on 20 April 2022, at 02:55",Shakespeare Birthplace Trust,https://en.wikipedia.org/wiki/Shakespeare_Birthplace_Trust
" This page was last edited on 22 August 2022, at 17:14",[<Selector xpath='//h1/i/text()' data='The Stage'>],https://en.wikipedia.org/wiki/The_Stage
" This page was last edited on 22 July 2022, at 16:03",Kelvin Fletcher,https://en.wikipedia.org/wiki/Kelvin_Fletcher
" This page was last edited on 22 August 2022, at 11:08",[<Selector xpath='//h1/i/text()' data='Beavis and Butt-Head'>],https://en.wikipedia.org/wiki/Beavis_%26_Butt-Head
" This page was last edited on 23 August 2022, at 17:30",Silverstone Classic,https://en.wikipedia.org/wiki/Silverstone_Classic
" This page was last edited on 20 August 2022, at 21:43",[<Selector xpath='//h1/i/text()' data='Masterpiece Cakeshop v. Colorado Civi...'>],https://en.wikipedia.org/wiki/Masterpiece_Cakeshop_v._Colorado_Civil_Rights_Commission
" This page was last edited on 16 August 2022, at 02:27",Silverstone Circuit,https://en.wikipedia.org/wiki/Silverstone_Circuit
" This page was last edited on 12 May 2022, at 00:42",[<Selector xpath='//h1/i/text()' data='Lee v Ashers Baking Company Ltd and o...'>],https://en.wikipedia.org/wiki/Lee_v_Ashers_Baking_Company_Ltd_and_others
" This page was last edited on 25 May 2021, at 18:53",2017 Canadian Grand Prix,https://en.wikipedia.org/wiki/2017_Canadian_Grand_Prix
" This page was last edited on 9 August 2022, at 18:27",British Grand Prix,https://en.wikipedia.org/wiki/British_Grand_Prix
" This page was last edited on 15 June 2022, at 20:02",Kaajee Singh,https://en.wikipedia.org/wiki/Kaajee_Singh
" This page was last edited on 10 June 2022, at 12:36",Sheesh Ram,https://en.wikipedia.org/wiki/Sheesh_Ram
" This page was last edited on 26 June 2022, at 06:58",Ajita Srivastava,https://en.wikipedia.org/wiki/Ajita_Srivastava
" This page was last edited on 22 August 2022, at 16:02",Madhuri Barthwal,https://en.wikipedia.org/wiki/Madhuri_Barthwal
" This page was last edited on 29 March 2022, at 17:50",Kamalini Asthana and Nalini Asthana,https://en.wikipedia.org/wiki/Kamalini_Asthana_and_Nalini_Asthana
" This page was last edited on 12 August 2022, at 10:46",Shivnath Mishra,https://en.wikipedia.org/wiki/Shivnath_Mishra
" This page was last edited on 30 June 2022, at 05:52",Sakini Ramachandraih,https://en.wikipedia.org/wiki/Ramachandraiah
" This page was last edited on 17 January 2022, at 16:58",Toronto Film Critics Association Award for Best Supporting Actor,https://en.wikipedia.org/wiki/Toronto_Film_Critics_Association_Award_for_Best_Supporting_Actor
" This page was last edited on 15 March 2022, at 18:20",Khandu Wangchuk Bhutia,https://en.wikipedia.org/wiki/Khandu_Wangchuk_Bhutia
" This page was last edited on 16 January 2022, at 12:06", (BBC Radio 4),https://en.wikipedia.org/wiki/Midweek_(BBC_Radio_4)
" This page was last edited on 23 August 2022, at 17:45",Armie Hammer,https://en.wikipedia.org/wiki/Armie_Hammer
" This page was last edited on 10 April 2022, at 00:34",[<Selector xpath='//h1/i/text()' data='Dictionary of National Biography'>],https://en.wikipedia.org/wiki/Dictionary_of_National_Biography
" This page was last edited on 5 July 2022, at 10:43",Darshanam Mogilaiah,https://en.wikipedia.org/wiki/Darshanam_Mogilaiah
" This page was last edited on 4 April 2022, at 10:57",R Muthukannammal,https://en.wikipedia.org/wiki/R_Muthukannammal
" This page was last edited on 23 July 2022, at 15:30",Sowcar Janaki,https://en.wikipedia.org/wiki/Sowcar_Janaki
" This page was last edited on 21 August 2022, at 01:10",South African Grand Prix,https://en.wikipedia.org/wiki/South_African_Grand_Prix
" This page was last edited on 24 August 2021, at 16:37",1960 Cape Grand Prix,https://en.wikipedia.org/wiki/1960_Cape_Grand_Prix
" This page was last edited on 31 August 2021, at 22:59",1960 United States Grand Prix,https://en.wikipedia.org/wiki/1960_United_States_Grand_Prix
" This page was last edited on 20 March 2022, at 09:00",1956 Monaco Grand Prix,https://en.wikipedia.org/wiki/1956_Monaco_Grand_Prix
" This page was last edited on 30 January 2022, at 23:46",BRDC International Trophy,https://en.wikipedia.org/wiki/BRDC_International_Trophy
" This page was last edited on 1 July 2022, at 20:39",1956 Glover Trophy,https://en.wikipedia.org/wiki/1956_Glover_Trophy
" This page was last edited on 30 March 2021, at 12:06",Maserati 300S,https://en.wikipedia.org/wiki/Maserati_300S
" This page was last edited on 7 December 2021, at 16:25",1956 1000 km Buenos Aires,https://en.wikipedia.org/wiki/1956_1000_km_Buenos_Aires
" This page was last edited on 23 August 2022, at 05:50",British Racing Motors,https://en.wikipedia.org/wiki/Owen_Racing_Organisation
" This page was last edited on 3 May 2022, at 02:28",1959 BARC Aintree 200,https://en.wikipedia.org/wiki/1959_BARC_Aintree_200
" This page was last edited on 29 January 2022, at 23:58",1959 Silver City Trophy,https://en.wikipedia.org/wiki/1959_Silver_City_Trophy
" This page was last edited on 8 September 2020, at 01:25",1959 International Gold Cup,https://en.wikipedia.org/wiki/1959_International_Gold_Cup
" This page was last edited on 17 August 2022, at 08:01",[<Selector xpath='//h1/i/text()' data='Sports Illustrated'>],https://en.wikipedia.org/wiki/Sports_Illustrated
" This page was last edited on 7 May 2022, at 20:50",1958 BARC Aintree 200,https://en.wikipedia.org/wiki/1958_BARC_Aintree_200
" This page was last edited on 29 July 2022, at 10:38",[<Selector xpath='//h1/i/text()' data='The Jewish Chronicle'>],https://en.wikipedia.org/wiki/The_Jewish_Chronicle
" This page was last edited on 11 August 2022, at 18:24",1990 Formula One World Championship,https://en.wikipedia.org/wiki/1990_Formula_One_World_Championship
" This page was last edited on 12 June 2022, at 08:00",Toronto Film Critics Association Award for Best Screenplay,https://en.wikipedia.org/wiki/Toronto_Film_Critics_Association_Award_for_Best_Screenplay
" This page was last edited on 26 June 2022, at 21:34",Toronto Film Critics Association Award for Best Animated Film,https://en.wikipedia.org/wiki/Toronto_Film_Critics_Association_Award_for_Best_Animated_Film
" This page was last edited on 20 May 2022, at 05:48",Clyde Gilmour Award,https://en.wikipedia.org/wiki/Clyde_Gilmour_Award
" This page was last edited on 30 March 2022, at 23:55",Toronto Film Critics Association Award for Best Supporting Actress,https://en.wikipedia.org/wiki/Toronto_Film_Critics_Association_Award_for_Best_Supporting_Actress
" This page was last edited on 23 June 2022, at 15:23",Toronto Film Critics Association Award for Best Documentary Film,https://en.wikipedia.org/wiki/Toronto_Film_Critics_Association_Award_for_Best_Documentary_Film
" This page was last edited on 17 January 2022, at 17:16",Toronto Film Critics Association Award for Best Foreign Language Film,https://en.wikipedia.org/wiki/Toronto_Film_Critics_Association_Award_for_Best_Foreign_Language_Film
" This page was last edited on 17 January 2022, at 16:46",Toronto Film Critics Association Award for Best Director,https://en.wikipedia.org/wiki/Toronto_Film_Critics_Association_Award_for_Best_Director
" This page was last edited on 28 May 2022, at 03:08",[<Selector xpath='//h1/i/text()' data='NASCAR Countdown'>],https://en.wikipedia.org/wiki/NASCAR_Countdown
" This page was last edited on 16 May 2022, at 00:08",[<Selector xpath='//h1/i/text()' data='NASCAR Now'>],https://en.wikipedia.org/wiki/NASCAR_Now
" This page was last edited on 2 August 2022, at 17:11",[<Selector xpath='//h1/i/text()' data='ESPN SpeedWorld'>],https://en.wikipedia.org/wiki/ESPN_SpeedWorld
" This page was last edited on 23 June 2022, at 13:40",Rogers Best Canadian Film Award,https://en.wikipedia.org/wiki/Rogers_Best_Canadian_Film_Award
" This page was last edited on 27 July 2022, at 11:51",Marina Bay Street Circuit,https://en.wikipedia.org/wiki/Marina_Bay_Street_Circuit
" This page was last edited on 20 August 2022, at 12:34",Circuit Zandvoort,https://en.wikipedia.org/wiki/Circuit_Zandvoort
" This page was last edited on 21 July 2022, at 02:47",1989 The Winston,https://en.wikipedia.org/wiki/1989_The_Winston
" This page was last edited on 13 July 2022, at 20:08",List of events broadcast on ,https://en.wikipedia.org/wiki/List_of_events_broadcast_on_Wide_World_of_Sports_(American_TV_series)
" This page was last edited on 12 August 2022, at 15:14",Vijaya Nirmala,https://en.wikipedia.org/wiki/Vijaya_Nirmala
" This page was last edited on 14 January 2022, at 04:25",1990 The Winston,https://en.wikipedia.org/wiki/1990_The_Winston
" This page was last edited on 9 July 2022, at 11:20",Autodromo dell'Umbria,https://en.wikipedia.org/wiki/Autodromo_dell%27Umbria
" This page was last edited on 23 July 2022, at 10:26",Circuito di Cagliari,https://en.wikipedia.org/wiki/Circuito_di_Cagliari
" This page was last edited on 23 August 2022, at 07:39",I. V. Sasi,https://en.wikipedia.org/wiki/I._V._Sasi
" This page was last edited on 11 August 2022, at 12:03",Kaikala Satyanarayana,https://en.wikipedia.org/wiki/Kaikala_Satyanarayana
lastUpdated,title,url
" This page was last edited on 17 July 2022, at 10:41",Kevin Bacon,https://en.wikipedia.org/wiki/Kevin_Bacon
" This page was last edited on 28 July 2022, at 18:08", (film),https://en.wikipedia.org/wiki/Murder_in_the_First_(film)
" This page was last edited on 19 August 2022, at 04:12",Digging to China,https://en.wikipedia.org/wiki/Digging_to_China
" This page was last edited on 3 August 2022, at 09:25",Telling Lies in America,https://en.wikipedia.org/wiki/Telling_Lies_in_America_(film)
" This page was last edited on 2 August 2022, at 09:43",Losing Chase,https://en.wikipedia.org/wiki/Losing_Chase
" This page was last edited on 8 July 2022, at 06:39",Blockbuster (entertainment),https://en.wikipedia.org/wiki/Blockbuster_(entertainment)
" This page was last edited on 12 August 2022, at 17:54", (1997 film),https://en.wikipedia.org/wiki/Picture_Perfect_(1997_film)
" This page was last edited on 16 April 2022, at 05:52",Michael Greif,https://en.wikipedia.org/wiki/Michael_Greif
" This page was last edited on 21 August 2022, at 02:10",Payola,https://en.wikipedia.org/wiki/Payola
" This page was last edited on 14 August 2022, at 21:37",Meryl Streep,https://en.wikipedia.org/wiki/Meryl_Streep
" This page was last edited on 27 June 2022, at 04:28",Trove,https://en.wikipedia.org/wiki/Trove_(identifier)
" This page was last edited on 13 July 2022, at 04:51", (film),"https://en.wikipedia.org/wiki/He_Said,_She_Said_(film)"
" This page was last edited on 28 May 2022, at 09:29",Elizabeth Perkins,https://en.wikipedia.org/wiki/Elizabeth_Perkins
" This page was last edited on 17 June 2022, at 15:25",Main Page,https://en.wikipedia.org/wiki/Main_Page
" This page was last edited on 16 August 2022, at 11:40",A Few Good Men,https://en.wikipedia.org/wiki/A_Few_Good_Men_(film)
" This page was last edited on 21 August 2022, at 08:53",Oliver Stone,https://en.wikipedia.org/wiki/Oliver_Stone
" This page was last edited on 25 June 2021, at 19:17",Système universitaire de documentation,https://en.wikipedia.org/wiki/SUDOC_(identifier)
" This page was last edited on 22 August 2022, at 00:18",The New York Times,https://en.wikipedia.org/wiki/The_New_York_Times
" This page was last edited on 27 January 2022, at 02:50",Library Network of Western Switzerland,https://en.wikipedia.org/wiki/RERO_(identifier)
" This page was last edited on 12 July 2022, at 03:26",Virtual International Authority File,https://en.wikipedia.org/wiki/VIAF_(identifier)
" This page was last edited on 4 August 2022, at 00:46",MusicBrainz,https://en.wikipedia.org/wiki/MBA_(identifier)
" This page was last edited on 5 August 2022, at 09:31",International Standard Name Identifier,https://en.wikipedia.org/wiki/ISNI_(identifier)
" This page was last edited on 23 August 2022, at 03:55",Sleepers,https://en.wikipedia.org/wiki/Sleepers_(film)
" This page was last edited on 1 August 2022, at 20:17",Antipodes,https://en.wikipedia.org/wiki/Antipodes
" This page was last edited on 21 August 2022, at 21:41",Alexander Skarsgård,https://en.wikipedia.org/wiki/Alexander_Skarsg%C3%A5rd
" This page was last edited on 15 August 2022, at 14:45",Sam Rockwell,https://en.wikipedia.org/wiki/Sam_Rockwell
" This page was last edited on 6 August 2022, at 17:53",Kevin Kline,https://en.wikipedia.org/wiki/Kevin_Kline
" This page was last edited on 25 July 2022, at 20:59",Steppenwolf (band),https://en.wikipedia.org/wiki/Steppenwolf_(band)
" This page was last edited on 27 May 2020, at 01:42",Chicago International Children's Film Festival,https://en.wikipedia.org/wiki/Chicago_International_Children%27s_Film_Festival
" This page was last edited on 21 August 2022, at 14:03",Carlos Santana,https://en.wikipedia.org/wiki/Carlos_Santana
" This page was last edited on 24 July 2022, at 20:50",Shinola,https://en.wikipedia.org/wiki/Shinola_(shoe_polish)
" This page was last edited on 3 August 2022, at 09:25",Telling Lies in America,https://en.wikipedia.org/wiki/Telling_Lies_in_America
" This page was last edited on 12 May 2022, at 19:22",Rock-Ola,https://en.wikipedia.org/wiki/Rock-Ola
" This page was last edited on 24 August 2022, at 00:00",Crayola,https://en.wikipedia.org/wiki/Crayola
" This page was last edited on 14 August 2022, at 07:57",Motorola,https://en.wikipedia.org/wiki/Motorola
" This page was last edited on 11 October 2021, at 17:53",Blue Amberol Records,https://en.wikipedia.org/wiki/Blue_Amberol_Records
" This page was last edited on 22 August 2022, at 03:52",Victor Talking Machine Company,https://en.wikipedia.org/wiki/Victrola
" This page was last edited on 29 May 2022, at 00:44",Actors Studio,https://en.wikipedia.org/wiki/Actors_Studio
" This page was last edited on 30 May 2022, at 03:51",Albert Innaurato,https://en.wikipedia.org/wiki/Albert_Innaurato
" This page was last edited on 22 May 2021, at 01:25",Request (broadcasting),https://en.wikipedia.org/wiki/Request_(broadcasting)
" This page was last edited on 1 May 2022, at 23:51",Title 47 of the United States Code,https://en.wikipedia.org/wiki/Title_47_of_the_United_States_Code
" This page was last edited on 3 March 2022, at 06:09",Robert Lewis (director),https://en.wikipedia.org/wiki/Robert_Lewis_(director)
" This page was last edited on 10 July 2022, at 12:27",Carmen de Lavallade,https://en.wikipedia.org/wiki/Carmen_de_Lavallade
" This page was last edited on 24 August 2022, at 20:19",Polaris,https://en.wikipedia.org/wiki/Polaris
" This page was last edited on 21 July 2022, at 09:04",Malay Peninsula,https://en.wikipedia.org/wiki/Malay_Peninsula
" This page was last edited on 21 July 2022, at 01:04",Christopher Durang,https://en.wikipedia.org/wiki/Christopher_Durang
" This page was last edited on 20 August 2022, at 06:18",Terra Australis,https://en.wikipedia.org/wiki/Terra_Australis
" This page was last edited on 24 August 2022, at 20:27",A Midsummer Night's Dream,https://en.wikipedia.org/wiki/A_Midsummer_Night%27s_Dream
" This page was last edited on 20 August 2022, at 18:12",Marco Polo,https://en.wikipedia.org/wiki/Marco_Polo
" This page was last edited on 23 August 2022, at 00:30",Ptolemy,https://en.wikipedia.org/wiki/Ptolemy
" This page was last edited on 22 August 2022, at 03:52",Victor Talking Machine Company,https://en.wikipedia.org/wiki/Victor_Talking_Machine_Company
" This page was last edited on 11 August 2022, at 22:09",Timbuktu,https://en.wikipedia.org/wiki/Timbuktu
" This page was last edited on 11 June 2022, at 13:18",Konungs skuggsjá,https://en.wikipedia.org/wiki/Konungs_Skuggsj%C3%A1
" This page was last edited on 13 August 2022, at 22:57",Herodotus,https://en.wikipedia.org/wiki/Herodotus
" This page was last edited on 25 April 2022, at 01:19",Necho II,https://en.wikipedia.org/wiki/Necho_II
" This page was last edited on 13 June 2022, at 15:23",Daniel Jones (phonetician),https://en.wikipedia.org/wiki/Daniel_Jones_(phonetician)
" This page was last edited on 22 June 2022, at 00:05",List of phonograph manufacturers,https://en.wikipedia.org/wiki/List_of_phonograph_manufacturers
" This page was last edited on 21 August 2022, at 14:58",Mali,https://en.wikipedia.org/wiki/Mali
" This page was last edited on 16 August 2022, at 05:06","Cambridge, Massachusetts","https://en.wikipedia.org/wiki/Cambridge,_MA"
" This page was last edited on 22 August 2022, at 09:08",US Foods,https://en.wikipedia.org/wiki/US_Foods
" This page was last edited on 20 February 2022, at 08:44",Wintrust Financial,https://en.wikipedia.org/wiki/Wintrust_Financial
" This page was last edited on 19 January 2022, at 20:04",Univar Solutions,https://en.wikipedia.org/wiki/Univar_Solutions
" This page was last edited on 29 April 2022, at 02:03",USG Corporation,https://en.wikipedia.org/wiki/USG_Corporation
" This page was last edited on 28 September 2021, at 03:30",Westell,https://en.wikipedia.org/wiki/Westell
" This page was last edited on 22 August 2022, at 05:13",List of wineries in Illinois,https://en.wikipedia.org/wiki/List_of_wineries_in_Illinois
" This page was last edited on 24 August 2022, at 14:50",Oral tradition,https://en.wikipedia.org/wiki/Oral_tradition
" This page was last edited on 15 May 2022, at 17:44",Cape Route,https://en.wikipedia.org/wiki/Cape_Route
" This page was last edited on 3 August 2022, at 13:28",Polybius,https://en.wikipedia.org/wiki/Polybius
" This page was last edited on 12 August 2022, at 00:06",Barbara Cook,https://en.wikipedia.org/wiki/Barbara_Cook
" This page was last edited on 22 August 2022, at 01:02",Oprah Winfrey,https://en.wikipedia.org/wiki/Oprah_Winfrey
" This page was last edited on 18 August 2022, at 01:53",History of geography,https://en.wikipedia.org/wiki/History_of_geography
" This page was last edited on 1 August 2022, at 01:28",Hanno the Navigator,https://en.wikipedia.org/wiki/Hanno_the_Navigator
" This page was last edited on 28 June 2022, at 03:06",Ancient Egyptian trade,https://en.wikipedia.org/wiki/Ancient_Egyptian_trade
" This page was last edited on 5 July 2022, at 18:42",Ismailia,https://en.wikipedia.org/wiki/Ismailia
" This page was last edited on 24 August 2022, at 19:32",Trireme,https://en.wikipedia.org/wiki/Triremes
" This page was last edited on 9 August 2022, at 05:05",Atum,https://en.wikipedia.org/wiki/Atum
" This page was last edited on 19 August 2022, at 16:13",Phoenicia,https://en.wikipedia.org/wiki/Phoenicians
" This page was last edited on 23 July 2022, at 14:25",Pithom,https://en.wikipedia.org/wiki/Tell_el-Maskhuta
" This page was last edited on 1 August 2021, at 12:05",Khamudi,https://en.wikipedia.org/wiki/Khamudi
" This page was last edited on 27 July 2022, at 12:47",Canal of the Pharaohs,https://en.wikipedia.org/wiki/Canal_of_the_Pharaohs
" This page was last edited on 14 August 2022, at 03:28",Nile,https://en.wikipedia.org/wiki/Nile
" This page was last edited on 25 April 2022, at 13:42",Apepi,https://en.wikipedia.org/wiki/Apepi
" This page was last edited on 12 January 2022, at 17:00",Yanassi,https://en.wikipedia.org/wiki/Yanassi
" This page was last edited on 2 June 2022, at 03:31",Sakir-Har,https://en.wikipedia.org/wiki/Sakir-Har
" This page was last edited on 5 June 2022, at 01:22",Khyan,https://en.wikipedia.org/wiki/Khyan
" This page was last edited on 4 August 2022, at 00:46",MusicBrainz,https://en.wikipedia.org/wiki/MBW_(identifier)
" This page was last edited on 9 November 2021, at 14:44",Mists of Everness,https://en.wikipedia.org/wiki/Mists_of_Everness
" This page was last edited on 19 April 2022, at 09:20",Enchanted Glass,https://en.wikipedia.org/wiki/Enchanted_Glass
" This page was last edited on 20 August 2022, at 16:26",United Nations Department of Economic and Social Affairs,https://en.wikipedia.org/wiki/United_Nations_Department_of_Economic_and_Social_Affairs
" This page was last edited on 19 August 2022, at 10:34",Africanews,https://en.wikipedia.org/wiki/Africanews
" This page was last edited on 24 January 2021, at 18:12",Outline of Mali,https://en.wikipedia.org/wiki/Outline_of_Mali
" This page was last edited on 10 August 2022, at 21:37",Romanization of Arabic,https://en.wikipedia.org/wiki/Romanization_of_Arabic
" This page was last edited on 22 August 2022, at 19:40",N'Ko script,https://en.wikipedia.org/wiki/N%27Ko_script
" This page was last edited on 11 July 2022, at 15:53",Index of Mali-related articles,https://en.wikipedia.org/wiki/Index_of_Mali-related_articles
" This page was last edited on 30 June 2022, at 15:42",Telecommunications in Mali,https://en.wikipedia.org/wiki/Telecommunications_in_Mali
" This page was last edited on 7 May 2022, at 12:51",L'Essor,https://en.wikipedia.org/wiki/L%27Essor
" This page was last edited on 7 March 2022, at 06:51", (Mali),https://en.wikipedia.org/wiki/Les_%C3%89chos_(Mali)
" This page was last edited on 22 August 2022, at 23:18",Eswatini,https://en.wikipedia.org/wiki/Eswatini
" This page was last edited on 24 August 2022, at 13:28",Equatorial Guinea,https://en.wikipedia.org/wiki/Equatorial_Guinea
" This page was last edited on 30 July 2022, at 10:28",Djibouti,https://en.wikipedia.org/wiki/Djibouti
" This page was last edited on 8 August 2022, at 06:05",United States Department of State,https://en.wikipedia.org/wiki/U.S._State_Department
" This page was last edited on 14 August 2022, at 21:30",Republic of the Congo,https://en.wikipedia.org/wiki/Republic_of_the_Congo
" This page was last edited on 23 August 2022, at 13:03",New Brunswick,https://en.wikipedia.org/wiki/New_Brunswick
" This page was last edited on 12 May 2022, at 21:48",French Community of Belgium,https://en.wikipedia.org/wiki/French_Community_of_Belgium
" This page was last edited on 23 August 2022, at 17:27",Austria,https://en.wikipedia.org/wiki/Austria
" This page was last edited on 22 August 2022, at 21:28",United Arab Emirates,https://en.wikipedia.org/wiki/United_Arab_Emirates
" This page was last edited on 4 May 2022, at 09:06",Fraternity,https://en.wikipedia.org/wiki/Fraternity
" This page was last edited on 21 June 2022, at 01:38",Weather god,https://en.wikipedia.org/wiki/Storm_god
" This page was last edited on 4 August 2022, at 00:46",MusicBrainz,https://en.wikipedia.org/wiki/MBAREA_(identifier)
" This page was last edited on 20 May 2022, at 22:45",History of Carthage,https://en.wikipedia.org/wiki/History_of_Punic_era_Tunisia
" This page was last edited on 23 August 2022, at 04:20",PLOS One,https://en.wikipedia.org/wiki/PLoS_ONE
" This page was last edited on 25 September 2020, at 13:12",Gilbert Charles-Picard,https://en.wikipedia.org/wiki/Gilbert_Charles-Picard
" This page was last edited on 13 June 2021, at 17:56",Colette Picard,https://en.wikipedia.org/wiki/Colette_Picard
lastUpdated,title,url
" This page was last edited on 17 July 2022, at 10:41",Kevin Bacon,https://en.wikipedia.org/wiki/Kevin_Bacon
" This page was last edited on 13 July 2022, at 04:51", (film),"https://en.wikipedia.org/wiki/He_Said,_She_Said_(film)"
" This page was last edited on 16 April 2022, at 05:52",Michael Greif,https://en.wikipedia.org/wiki/Michael_Greif
" This page was last edited on 28 May 2022, at 09:29",Elizabeth Perkins,https://en.wikipedia.org/wiki/Elizabeth_Perkins
" This page was last edited on 28 July 2022, at 18:08", (film),https://en.wikipedia.org/wiki/Murder_in_the_First_(film)
" This page was last edited on 1 August 2022, at 01:53", (1989 film),https://en.wikipedia.org/wiki/The_Big_Picture_(1989_film)
" This page was last edited on 8 July 2022, at 06:39",Blockbuster (entertainment),https://en.wikipedia.org/wiki/Blockbuster_(entertainment)
" This page was last edited on 16 August 2022, at 11:40",A Few Good Men,https://en.wikipedia.org/wiki/A_Few_Good_Men_(film)
" This page was last edited on 18 August 2022, at 16:46",Joel Schumacher,https://en.wikipedia.org/wiki/Joel_Schumacher
" This page was last edited on 22 August 2022, at 00:18",The New York Times,https://en.wikipedia.org/wiki/The_New_York_Times
" This page was last edited on 14 August 2022, at 21:37",Meryl Streep,https://en.wikipedia.org/wiki/Meryl_Streep
" This page was last edited on 17 June 2022, at 15:25",Main Page,https://en.wikipedia.org/wiki/Main_Page
" This page was last edited on 21 August 2022, at 08:53",Oliver Stone,https://en.wikipedia.org/wiki/Oliver_Stone
" This page was last edited on 27 June 2022, at 04:28",Trove,https://en.wikipedia.org/wiki/Trove_(identifier)
" This page was last edited on 3 August 2022, at 03:22",John Hughes (filmmaker),https://en.wikipedia.org/wiki/John_Hughes_(filmmaker)
" This page was last edited on 7 August 2022, at 20:02",She's Having a Baby,https://en.wikipedia.org/wiki/She%27s_Having_a_Baby
" This page was last edited on 22 August 2022, at 01:09",Typecasting,https://en.wikipedia.org/wiki/Typecasting_(acting)
" This page was last edited on 25 June 2021, at 19:17",Système universitaire de documentation,https://en.wikipedia.org/wiki/SUDOC_(identifier)
" This page was last edited on 24 August 2022, at 02:15",Judy Garland,https://en.wikipedia.org/wiki/Judy_Garland
" This page was last edited on 27 January 2022, at 02:50",Library Network of Western Switzerland,https://en.wikipedia.org/wiki/RERO_(identifier)
